<?xml version="1.0" encoding="utf-8" standalone="yes"?>
<channel>
    <id>bleachanimemanga</id>
    <name>BleachAnimeManga</name>

    <active>true</active>
    <adult>false</adult>
    <language>it</language>

    <thumbnail>https://raw.githubusercontent.com/orione7/Pelis_images/master/bannermenu/bleachanimemanga.png</thumbnail>
    <bannermenu>https://raw.githubusercontent.com/orione7/Pelis_images/master/bannermenu/bleachanimemanga.png</bannermenu>

    <update_url>https://raw.githubusercontent.com/orione7/plugin.video.streamondemand-pureita/master/channels/</update_url>
    <version>1</version>
    <date>26/04/2017</date>
    <changes>New Channel</changes>

    <categories>
        <category>anime</category>
    </categories>

 	<settings>
        <include_in_global_search>true</include_in_global_search>
		<id>include_in_global_search</id>
		<type>bool</type>
		<label>Includi ricerca globale</label>
		<default>false</default>
		<enabled>false</enabled>
		<visible>false</visible>
	</settings>
</channel>
