<?xml version="1.0" encoding="utf-8" standalone="yes"?>
<channel>
	<id>buscador</id>
	<name>Buscador</name>

	<active>true</active>
	<adult>false</adult>
	<language>it</language>

	<fanart></fanart>
	<thumbnail></thumbnail>
	<bannermenu></bannermenu>

	<update_url>https://raw.githubusercontent.com/orione7/plugin.video.streamondemand-pureita/master/channels/</update_url>
	<version>7</version>
	<date>09/01/2017</date>
	<changes>Fix Global search</changes>

	<categories>
		<category></category>
	</categories>

	<settings>
		<include_in_global_search>false</include_in_global_search>
	</settings>
</channel>
