<?xml version="1.0" encoding="utf-8" standalone="yes"?>
<channel>
    <id>cinesuggestions</id>
    <name>CineSuggestions</name>

    <active>true</active>
    <adult>false</adult>
    <language>it</language>

    <fanart></fanart>
    <thumbnail>https://raw.githubusercontent.com/orione7/Pelis_images/master/bannermenu/cinesuggestions.png</thumbnail>
    <bannermenu>https://raw.githubusercontent.com/orione7/Pelis_images/master/bannermenu/cinesuggestions.png</bannermenu>

    <update_url>https://raw.githubusercontent.com/orione7/plugin.video.streamondemand-pureita/master/channels/</update_url>
    <version>2</version>
    <date>27/06/2017</date>
    <changes>update</changes>

    <categories>
        <category>movie</category>
        <category>cult</category>
    </categories>

    <settings>
        <include_in_global_search>false</include_in_global_search>
        <id>include_in_global_search</id>
        <type>bool</type>
        <label>Includi ricerca globale</label>
        <default>false</default>
        <enabled>false</enabled>
        <visible>false</visible>
    </settings>
</channel>
