<?xml version="1.0" encoding="utf-8" standalone="yes"?>
<channel>
	<id>cineblogfm</id>
	<name>CineBlog01.FM</name>

	<active>true</active>
	<adult>false</adult>
	<language>it</language>

	<fanart></fanart>
	<thumbnail>https://raw.githubusercontent.com/orione7/Pelis_images/master/bannermenu/cineblogfm.png</thumbnail>
	<bannermenu>https://raw.githubusercontent.com/orione7/Pelis_images/master/bannermenu/cineblogfm.png</bannermenu>

	<update_url>https://raw.githubusercontent.com/orione7/plugin.video.streamondemand-pureita/master/channels/</update_url>
	<version>1</version>
	<date>10/03/2017</date>
	<changes>First Release 2017</changes>

	<categories>
                <category>movie</category>
                <category>serie</category>
                <category>top channels</category>
	</categories>

	<settings>
		<include_in_global_search>true</include_in_global_search>
		<id>include_in_global_search</id>
		<type>bool</type>
		<label>Includi ricerca globale</label>
		<default>true</default>
		<enabled>true</enabled>
		<visible>true</visible>
	</settings>
</channel>
