<?xml version="1.0" encoding="utf-8" standalone="yes"?>
<channel>
	<id>descargas</id>
	<name>Descargas</name>

	<active>false</active>
	<adult>false</adult>
	<language>it</language>
	<include_in_global_search>disabled</include_in_global_search>
	
	<fanart></fanart>
	<thumbnail></thumbnail>
	<bannermenu></bannermenu>

	<update_url>https://raw.githubusercontent.com/orione7/plugin.video.streamondemand-pureita/master/channels/</update_url>
	<version>1</version>

	<changes>
		<change>
			<date>12/01/17</date>
			<autor>divadr</autor>
			<description></description>
		</change>
	</changes>


	<categories>
		<category></category>
	</categories>
	
	<settings>
		<id>library_move</id>
		<type>bool</type>
		<label>Spostare download completi in libreria</label>
		<default>false</default>
		<enabled>false</enabled>
		<visible>false</visible>
	</settings>
  <settings>
		<id>browser</id>
		<type>bool</type>
		<label>Visualizza download completi</label>
		<default>true</default>
		<enabled>true</enabled>
		<visible>true</visible>
	</settings>
</channel>

