<?xml version="1.0" encoding="utf-8" standalone="yes"?>
<channel>
	<id>dreamsub</id>
	<name>DreamSub</name>

	<active>true</active>
	<adult>false</adult>
	<language>it</language>

	<fanart></fanart>
	<thumbnail>https://raw.githubusercontent.com/orione7/Pelis_images/master/bannermenu/dreamsub.png</thumbnail>
	<bannermenu>https://raw.githubusercontent.com/orione7/Pelis_images/master/bannermenu/dreamsub.png</bannermenu>

	<update_url>https://raw.githubusercontent.com/orione7/plugin.video.streamondemand-pureita/master/channels/</update_url>
	<version>6</version>
	<date>06/09/2017</date>
	<changes>update</changes>

	<categories>
        	<category>serie</category>
        	<category>anime</category>
	</categories>

	<settings>
                <include_in_global_search>true</include_in_global_search>
		<id>include_in_global_search</id>
		<type>bool</type>
		<label>Includi ricerca globale</label>
		<default>true</default>
		<enabled>true</enabled>
		<visible>true</visible>
	</settings>
</channel>
