<?xml version="1.0" encoding="utf-8" standalone="yes"?>
<channel>
	<id>fastsubita</id>
	<name>Fastsubita</name>

	<active>true</active>
	<adult>false</adult>
	<language>it</language>

	<fanart></fanart>
	<thumbnail>https://raw.githubusercontent.com/orione7/Pelis_images/master/bannermenu/fastsubita.png</thumbnail>
	<bannermenu>https://raw.githubusercontent.com/orione7/Pelis_images/master/bannermenu/fastsubita.png</bannermenu>

	<update_url>https://raw.githubusercontent.com/orione7/plugin.video.streamondemand-pureita/master/channels/</update_url>
	<version>5</version>
	<date>13/09/2017</date>
	<changes>Partial Fix</changes>

	<categories>
        	<category>serie</category>
        	<category>vos</category>
	</categories>

	<settings>
        <include_in_global_search>true</include_in_global_search>
		<id>include_in_global_search</id>
		<type>bool</type>
		<label>Includi ricerca globale</label>
		<default>true</default>
		<enabled>true</enabled>
		<visible>true</visible>
	</settings>

	<settings>
		<id>include_in_newest_series</id>
		<type>bool</type>
		<label>Includi in novità - Serie TV</label>
		<default>true</default>
		<enabled>true</enabled>
		<visible>true</visible>
	</settings>
</channel>
