<?xml version="1.0" encoding="utf-8" standalone="yes"?>
<channel>
	<id>filmontv</id>
	<name>Filmontv</name>

	<active>false</active>
	<adult>false</adult>
	<language>it</language>

	<fanart></fanart>
	<thumbnail></thumbnail>
	<bannermenu></bannermenu>

	<update_url>https://raw.githubusercontent.com/orione7/plugin.video.streamondemand-pureita/master/channels/</update_url>
	<version>5</version>
	<date>10/01/2017</date>
	<changes>Fix Global Search</changes>

	<categories>
		<category></category>
	</categories>

	<settings>
		<id>include_in_global_search</id>
		<type>bool</type>
		<label>Includi ricerca globale</label>
		<default>false</default>
		<enabled>false</enabled>
		<visible>false</visible>
	</settings>
</channel>
