<?xml version="1.0" encoding="utf-8" standalone="yes"?>
<channel>
	<id>hdstreamingit</id>
	<name>HdStreamingit</name>

	<active>false</active>
	<adult>false</adult>
	<language>it</language>

	<fanart></fanart>
	<thumbnail>https://raw.githubusercontent.com/orione7/Pelis_images/master/bannermenu/hdstreamingit.png</thumbnail>
	<bannermenu>https://raw.githubusercontent.com/orione7/Pelis_images/master/bannermenu/hdstreamingit.png</bannermenu>

	<update_url>https://raw.githubusercontent.com/orione7/plugin.video.streamondemand-pureita/master/channels/</update_url>
	<version>2</version>
	<date>16/06/2016</date>
	<changes>update</changes>

	<categories>
        <category>movie</category>
		<category>serie</category>
	</categories>

	<settings>
		<include_in_global_search>true</include_in_global_search>
	</settings>
</channel>
