<?xml version="1.0" encoding="utf-8" standalone="yes"?>
<channel>
	<id>hokutonoken</id>
	<name>Hokuto no Ken</name>

	<active>true</active>
	<adult>false</adult>
	<language>it</language>

	<fanart></fanart>
	<thumbnail>https://raw.githubusercontent.com/orione7/Pelis_images/master/bannermenu/hokutonoken.png</thumbnail>
	<bannermenu>https://raw.githubusercontent.com/orione7/Pelis_images/master/bannermenu/hokutonoken.png</bannermenu>

	<update_url>https://raw.githubusercontent.com/orione7/plugin.video.streamondemand-pureita/master/channels/</update_url>
	<version>1</version>
	<date>16/06/2016</date>
	<changes>update</changes>

	<categories>
        <category>saghe</category>
        <category>anime</category>
	</categories>

	<settings>
		<include_in_global_search>true</include_in_global_search>
	</settings>
</channel>
