<?xml version="1.0" encoding="utf-8" standalone="yes"?>
<channel>
    <id>istreaming</id>
    <name>Istreaming</name>

    <active>false</active>
    <adult>false</adult>
    <language>it</language>

    <fanart></fanart>
    <thumbnail>https://raw.githubusercontent.com/orione7/Pelis_images/master/bannermenu/istreaming.png</thumbnail>
    <bannermenu>https://raw.githubusercontent.com/orione7/Pelis_images/master/bannermenu/istreaming.png</bannermenu>
   
    
    <update_url>https://raw.githubusercontent.com/orione7/plugin.video.streamondemand-pureita/master/channels/</update_url>
    <version>4</version>
    <date>22/06/2016</date>
    <changes>update</changes>

    <categories>
        <category>movie</category>
    </categories>

    <settings>
        <include_in_global_search>false</include_in_global_search>
        <id>include_in_global_search</id>
        <type>bool</type>
        <label>Includi ricerca globale</label>
        <default>true</default>
        <enabled>true</enabled>
        <visible>true</visible>
    </settings>
</channel>
