<?xml version="1.0" encoding="utf-8" standalone="yes"?>
<channel>
	<id>italiafilm</id>
	<name>Italia-Film.co</name>

	<active>true</active>
	<adult>false</adult>
	<language>it</language>

	<fanart></fanart>
	<thumbnail>https://raw.githubusercontent.com/orione7/Pelis_images/master/bannermenu/italiafilm.png</thumbnail>
	<bannermenu>https://raw.githubusercontent.com/orione7/Pelis_images/master/bannermenu/italiafilm.png</bannermenu>

	<update_url>https://raw.githubusercontent.com/orione7/plugin.video.streamondemand-pureita/master/channels/</update_url>
	<version>9</version>
	<date>04/07/2017</date>
	<changes>Update</changes>

	<categories>
          <category>movie</category>
          <category>serie</category>
          <category>top channels</category>
	</categories>

	<settings>
		<include_in_global_search>true</include_in_global_search>
		<id>include_in_global_search</id>
		<type>bool</type>
		<label>Incluir en busqueda global</label>
		<default>false</default>
		<enabled>true</enabled>
		<visible>true</visible>
	</settings>
</channel>
