<?xml version="1.0" encoding="utf-8" standalone="yes"?>
<channel>
    <id>italiafilm01</id>
    <name>ItaliaFilm01</name>

    <active>true</active>
    <adult>false</adult>
    <language>it</language>

    <thumbnail>https://raw.githubusercontent.com/orione7/Pelis_images/master/bannermenu/italiafilm01.png</thumbnail>
    <bannermenu>https://raw.githubusercontent.com/orione7/Pelis_images/master/bannermenu/italiafilm01.png</bannermenu>

    <update_url>https://raw.githubusercontent.com/orione7/plugin.video.streamondemand-pureita/master/channels/</update_url>
    <version>1</version>
    <date>06/05/2017</date>
    <changes>First Release</changes>

    <categories>
        <category>movie</category>
        <category>anime</category>
    </categories>

 	<settings>
        <include_in_global_search>true</include_in_global_search>
		<id>include_in_global_search</id>
		<type>bool</type>
		<label>Includi ricerca globale</label>
		<default>true</default>
		<enabled>true</enabled>
		<visible>true</visible>
	</settings>
</channel>
