<?xml version="1.0" encoding="utf-8" standalone="yes"?>
<channel>
	<id>itastreaming</id>
	<name>ItaStreaming</name>

	<active>true</active>
	<adult>false</adult>
	<language>it</language>

	<fanart></fanart>
	<thumbnail>https://raw.githubusercontent.com/orione7/Pelis_images/master/bannermenu/itastreaming.png</thumbnail>
	<bannermenu>https://raw.githubusercontent.com/orione7/Pelis_images/master/bannermenu/itastreaming.png</bannermenu>

	<update_url>https://raw.githubusercontent.com/orione7/plugin.video.streamondemand-pureita/master/channels/</update_url>
	<version>6</version>
	<date>15/11/2016</date>
	<changes>Fix Host</changes>

	<categories>
		<category>movie</category>
	</categories>

	<settings>
		<include_in_global_search>true</include_in_global_search>
		<id>include_in_global_search</id>
		<type>bool</type>
		<label>Includi ricerca globale</label>
		<default>true</default>
		<enabled>true</enabled>
		<visible>true</visible>	
	</settings>
</channel>
