<?xml version="1.0" encoding="utf-8" standalone="yes"?>
<channel>
    <id>majintoon</id>
    <name>Majintoon</name>

    <active>true</active>
    <adult>false</adult>
    <language>it</language>

    <thumbnail>https://raw.githubusercontent.com/orione7/Pelis_images/master/bannermenu/majintoon.png</thumbnail>
    <bannermenu>https://raw.githubusercontent.com/orione7/Pelis_images/master/bannermenu/majintoon.png</bannermenu>

    <update_url>https://raw.githubusercontent.com/orione7/plugin.video.streamondemand-pureita/master/channels/</update_url>
    <version>4</version>
    <date>29/06/2017</date>
    <changes>Update</changes>

    <categories>
        <category>serie</category>
        <category>anime</category>
    </categories>

    <settings>
        <include_in_global_search>true</include_in_global_search>
        <id>include_in_global_search</id>
        <type>bool</type>
        <label>Includi ricerca globale</label>
		<default>false</default>
		<enabled>false</enabled>
		<visible>true</visible>
    </settings>
</channel>
