
<?xml version="1.0" encoding="utf-8" standalone="yes"?>
<channel>
	<id>seriehd</id>
	<name>Serie HD</name>

	<active>true</active>
	<adult>false</adult>
	<language>it</language>

	<fanart></fanart>
	<thumbnail>https://raw.githubusercontent.com/orione7/Pelis_images/master/bannermenu/seriehd.png</thumbnail>
	<bannermenu>https://raw.githubusercontent.com/orione7/Pelis_images/master/bannermenu/seriehd.png</bannermenu>

	<update_url>https://raw.githubusercontent.com/orione7/plugin.video.streamondemand-pureita/master/channels/</update_url>
	<version>9</version>
	<date>08/09/2017</date>
	<changes>Fix</changes>

	<categories>
		<category>serie</category>
	</categories>

	<settings>
	    <include_in_global_search>true</include_in_global_search>
            <id>include_in_global_search</id>
            <type>bool</type>
            <label>Includi ricerca globale</label>
            <default>true</default>
            <enabled>true</enabled>
            <visible>true</visible>
	</settings>
</channel>
