
<?xml version="1.0" encoding="utf-8" standalone="yes"?>
<channel>
	<id>tantifilm</id>
	<name>Tantifilm</name>

	<active>true</active>
	<adult>false</adult>
	<language>it</language>

	<fanart></fanart>
	<thumbnail>https://raw.githubusercontent.com/orione7/Pelis_images/master/bannermenu/tantifilm.png</thumbnail>
	<bannermenu>https://raw.githubusercontent.com/orione7/Pelis_images/master/bannermenu/tantifilm.png</bannermenu>

	<update_url>https://raw.githubusercontent.com/orione7/plugin.video.streamondemand-pureita/master/channels/</update_url>
	<version>7</version>
	<date>27/08/2017</date>
	<changes>Fix</changes>

	<categories>
		<category>movie</category>
		<category>serie</category>
		<category>top channels</category>
	</categories>

	<settings>
		<include_in_global_search>true</include_in_global_search>
	</settings>
</channel>
