<?xml version="1.0" encoding="UTF-8" standalone="yes"?>
<addon id="plugin.video.streamondemand-pureita-master"
    name="Stream On Demand PureITA"
    version="5.4.5"
    provider-name="streamondemand-pureita">
 <requires>
    <import addon="xbmc.python" version="2.1.0"/>
  </requires>
  <extension point="xbmc.python.script" library="default.py">
    <provides>video</provides>
  </extension>
  <extension point="xbmc.addon.metadata">
    <summary lang="it">Film e serie tv on demand</summary>
    <description lang="it">Stream On Demand PureITA</description>
    <summary lang="en">Stream On Demand PureITA</summary>
    <description lang="en">Stream On Demand PureITA</description>
    <platform>all</platform>
  </extension>
  <extension point="xbmc.service" library="library_service.py" start="login|startup">
  </extension>
</addon>
