<?xml version="1.0" encoding="UTF-8" standalone="yes"?>
<addon id="plugin.video.EvilInstaller" name="[COLOR yellow]Evil Installer[/COLOR]" version="1.0.0" provider-name="[COLOR red]Evil Team[/COLOR]">
  <requires>
    <import addon="xbmc.python" version="2.1.0"/>
  </requires>
  <extension point="xbmc.python.pluginsource" library="default.py">
        <provides>video executable</provides>
  </extension>
  <extension point="xbmc.addon.metadata">
    <summary lang="en">Evil Installer</summary>
    <description lang="en">[COLOR cyan][B][I]Con Evil Installer potrete installare [COLOR red]Evil King [COLOR cyan]e tutti gli add-on necessari al suo funzionamento. Scegliete la versione in base al vostro sistema operativo, PC o Android. [/COLOR][/B][/I]</description>
    <platform>all</platform>
  </extension>
</addon>
